{
  "distances": [
    0.92565,
    1.0394999999999999,
    1.1533499999999999,
    1.2671999999999999,
    1.3810499999999999,
    1.4949,
    1.6087499999999997,
    1.7226,
    1.83645,
    1.9502999999999997,
    2.06415,
    2.178
  ],
  "scales": [
    0.85,
    0.9545454545454545,
    1.059090909090909,
    1.1636363636363636,
    1.268181818181818,
    1.3727272727272726,
    1.477272727272727,
    1.5818181818181818,
    1.6863636363636363,
    1.7909090909090908,
    1.8954545454545455,
    2.0
  ],
  "e_torch": [
    -39.9064236252677,
    -40.001352338464436,
    -39.99202807828785,
    -39.91558181077088,
    -39.82408888356972,
    -39.72636365877395,
    -39.629183549922985,
    -39.53433763386431,
    -39.44354828686663,
    -39.361605022554606,
    -39.28854762335897,
    -39.2229248375668
  ],
  "e_jax": [
    -39.90449830127956,
    -39.99943462516349,
    -39.99011805552509,
    -39.91357965573763,
    -39.821665638135535,
    -39.72270537477064,
    -39.625150260661,
    -39.53033915772845,
    -39.43974198874111,
    -39.3580186528253,
    -39.28517654341462,
    -39.219754161018585
  ],
  "diffs": [
    0.0019253239881393824,
    0.0019177133009478098,
    0.0019100227627646404,
    0.0020021550332529614,
    0.002423245434187038,
    0.003658284003307699,
    0.004033289261982986,
    0.003998476135862461,
    0.003806298125518026,
    0.003586369729305261,
    0.003371079944351152,
    0.0031706765482155674
  ],
  "conv_torch": [
    true,
    true,
    true,
    true,
    true,
    true,
    true,
    true,
    true,
    true,
    true,
    true
  ],
  "conv_jax": [
    true,
    true,
    true,
    true,
    true,
    true,
    true,
    true,
    true,
    true,
    true,
    true
  ]
}