{
  "grad_norms": {
    "coarse_0_atomic_coords": {
      "norm": 0.0038366152438395677,
      "finite": true
    },
    "density": {
      "norm": 1.061303312380153,
      "finite": true
    },
    "grad": {
      "norm": 0.02082228470225207,
      "finite": true
    },
    "grid_coords": {
      "norm": 0.0006786052801539679,
      "finite": true
    },
    "grid_weights": {
      "norm": 12.532858336400222,
      "finite": true
    },
    "kin": {
      "norm": 0.747395251237158,
      "finite": true
    }
  },
  "fd_rows": [
    [
      "Atom 0/x",
      "-2.300753e-18",
      "0.000000e+00",
      "1.000e+00",
      "PASS"
    ],
    [
      "Atom 0/y",
      "-8.806694e-19",
      "0.000000e+00",
      "1.000e+00",
      "PASS"
    ],
    [
      "Atom 0/z",
      "-2.712897e-03",
      "-2.712897e-03",
      "3.504e-09",
      "PASS"
    ],
    [
      "Atom 1/x",
      "6.373923e-19",
      "0.000000e+00",
      "1.000e+00",
      "PASS"
    ],
    [
      "Atom 1/y",
      "6.774675e-19",
      "-5.551115e-12",
      "8.194e+06",
      "PASS"
    ],
    [
      "Atom 1/z",
      "2.712897e-03",
      "2.712897e-03",
      "5.550e-09",
      "PASS"
    ]
  ],
  "features": [
    "coarse_0_atomic_coords",
    "density",
    "grad",
    "grid_coords",
    "grid_weights",
    "kin"
  ],
  "feature_norms": [
    0.0038366152438395677,
    1.061303312380153,
    0.02082228470225207,
    0.0006786052801539679,
    12.532858336400222,
    0.747395251237158
  ]
}