{
  "grad_norms": {
    "coarse_0_atomic_coords": {
      "norm": 0.0038366152438395664,
      "finite": true
    },
    "density": {
      "norm": 1.0613033123801532,
      "finite": true
    },
    "grad": {
      "norm": 0.020822284702252062,
      "finite": true
    },
    "grid_coords": {
      "norm": 0.0006786052801539655,
      "finite": true
    },
    "grid_weights": {
      "norm": 12.532858336400222,
      "finite": true
    },
    "kin": {
      "norm": 0.7473952512371589,
      "finite": true
    }
  },
  "fd_rows": [
    [
      "Atom 0/x",
      "-1.890366e-18",
      "0.000000e+00",
      "1.000e+00",
      "PASS"
    ],
    [
      "Atom 0/y",
      "-7.656979e-19",
      "0.000000e+00",
      "1.000e+00",
      "PASS"
    ],
    [
      "Atom 0/z",
      "-2.712897e-03",
      "-2.712897e-03",
      "3.504e-09",
      "PASS"
    ],
    [
      "Atom 1/x",
      "4.167402e-19",
      "0.000000e+00",
      "1.000e+00",
      "PASS"
    ],
    [
      "Atom 1/y",
      "8.844877e-19",
      "-1.110223e-11",
      "1.255e+07",
      "PASS"
    ],
    [
      "Atom 1/z",
      "2.712897e-03",
      "2.712897e-03",
      "5.550e-09",
      "PASS"
    ]
  ],
  "features": [
    "coarse_0_atomic_coords",
    "density",
    "grad",
    "grid_coords",
    "grid_weights",
    "kin"
  ],
  "feature_norms": [
    0.0038366152438395664,
    1.0613033123801532,
    0.020822284702252062,
    0.0006786052801539655,
    12.532858336400222,
    0.7473952512371589
  ]
}