{
  "grid_sizes": [
    32,
    64,
    128,
    256,
    512,
    1024,
    2048,
    4096,
    8192,
    16384,
    32768
  ],
  "operations": {
    "Torch fwd": {
      "mean": [
        1.0606751951854676,
        1.5695916023105383,
        2.1896749967709184,
        3.0225167982280254,
        7.156616804422811,
        11.03171639260836,
        18.83027499425225,
        30.969508190173656,
        69.31475840392523,
        319.17430019238964,
        334.7334999940358
      ],
      "std": [
        0.10660155813235943,
        0.14499695870213622,
        0.19480962543336788,
        0.12595950676339193,
        1.382761064511667,
        1.0101803330057155,
        0.4064410564654625,
        1.486470716007942,
        7.508189687190336,
        133.38138334768666,
        26.763846245191097
      ]
    },
    "Torch compiled fwd": {
      "mean": [
        0.9546917921397835,
        1.4130249910522252,
        1.9659331941511482,
        3.0077168077696115,
        5.130724998889491,
        10.383608198026195,
        19.43853339762427,
        36.090400005923584,
        86.77516619791277,
        151.58639979781583,
        308.7669835949782
      ],
      "std": [
        0.040344716993465465,
        0.10858629598604208,
        0.16508132257552532,
        0.3151466101269867,
        0.5247010270935581,
        0.8670785134492008,
        0.5436046041164855,
        3.709194202628438,
        38.98866027147593,
        3.1963571203475816,
        31.78996911851887
      ]
    },
    "Torch fwd+bwd": {
      "mean": [
        3.047599596902728,
        4.417041590204462,
        5.779725208412856,
        8.794450195273384,
        15.919733402552083,
        25.36139160511084,
        54.786657996010035,
        78.50059980410151,
        168.06102480040863,
        426.93066660431214,
        736.9526249996852
      ],
      "std": [
        0.17904315250800443,
        0.27647878073744514,
        0.1803742758902729,
        0.34661818117307414,
        0.5665823874989027,
        1.0345022751104374,
        4.337740956536956,
        4.1675372195911,
        13.16481404078592,
        23.336109371343742,
        34.2690308233848
      ]
    },
    "Torch compiled fwd+bwd": {
      "mean": [
        2.9103167937137187,
        4.1083830059506,
        5.62050020089373,
        8.243100001709536,
        14.444225002080202,
        25.5858832038939,
        54.16566680651158,
        79.0913249948062,
        159.83190000406466,
        396.9451751909219,
        885.0317665957846
      ],
      "std": [
        0.16623960822718342,
        0.1301179895163976,
        0.22818563775363293,
        0.5097355955540525,
        0.2733811167464605,
        0.7292546207160785,
        2.9253606675224386,
        5.689332560391192,
        4.647494662430704,
        17.673904677141284,
        97.76011815858311
      ]
    },
    "JAX fwd (eager)": {
      "mean": [
        9.975241805659607,
        9.592766803689301,
        10.196524998173118,
        12.140791799174622,
        15.686983393970877,
        24.134649999905378,
        38.761224993504584,
        64.846224791836,
        144.4437166035641,
        329.37320000492036,
        717.0472835947294
      ],
      "std": [
        0.5181261157170842,
        0.3303032965862116,
        0.24892234227542814,
        0.532034008341832,
        1.5575239648608585,
        0.8566322873541621,
        3.173686474965735,
        3.009143110454867,
        10.27660655690011,
        18.61223732272941,
        52.588066734963334
      ]
    },
    "JAX JIT fwd": {
      "mean": [
        0.8118831960018724,
        1.3167584023904055,
        1.897425000788644,
        2.443108195438981,
        3.747224999824539,
        7.756783394142985,
        12.787458201637492,
        29.669750202447176,
        70.82175000105053,
        133.99072479223832,
        263.85692499461584
      ],
      "std": [
        0.016377709708250726,
        0.06078144893695468,
        0.24582814165729072,
        0.18936157772655787,
        0.2282104067417632,
        1.0437433523062565,
        0.062391116603667605,
        1.4846517760876374,
        9.00775867586877,
        6.835514478188967,
        3.2351009279766028
      ]
    },
    "JAX fwd+grad": {
      "mean": [
        59.75499999476597,
        61.65286639588885,
        63.24299160041846,
        65.62174999853596,
        79.05684999423102,
        82.52369979745708,
        176.7498833942227,
        178.35638339165598,
        362.26584140677005,
        717.6001582061872,
        1777.5498165923636
      ],
      "std": [
        0.7598733223181313,
        0.8238419958359388,
        0.2473580004402605,
        0.7884289928032244,
        9.469414927006945,
        1.5326768326033888,
        78.17676793709525,
        8.176095732955112,
        22.84869795142772,
        36.3804634813372,
        84.71146133354586
      ]
    },
    "JAX JIT fwd+grad": {
      "mean": [
        1.8020250019617379,
        2.596091397572309,
        3.2374665956012905,
        4.165641410509124,
        10.500408412190154,
        14.72313299891539,
        30.316916602896526,
        71.16684159846045,
        154.24349979148246,
        324.04224179917946,
        621.718666801462
      ],
      "std": [
        0.1648916054682227,
        0.23166906945106933,
        0.25394698062107335,
        0.1595306897251547,
        1.0302458519299393,
        0.08456651648790783,
        0.4299724841511423,
        1.4161203399393572,
        7.417002342427069,
        6.485109852045692,
        7.847244315708222
      ]
    }
  }
}