{
  "grid_sizes": [
    32,
    64,
    128,
    256,
    512,
    1024,
    2048,
    4096,
    8192,
    16384,
    32768
  ],
  "operations": {
    "Torch fwd": {
      "mean": [
        1.1299670033622533,
        1.3637000054586679,
        1.9549498043488711,
        2.593099797377363,
        4.675716598285362,
        10.161183594027534,
        19.474032992729917,
        35.58144159032963,
        69.62958319927566,
        148.1866170070134,
        273.74182459316216
      ],
      "std": [
        0.17312524824244227,
        0.08342779752782949,
        0.07824339392389813,
        0.12655729346806657,
        0.2500006941479288,
        0.8607803769276369,
        1.3233606090716414,
        4.7610896440095365,
        1.7697802070436757,
        2.9056588295855184,
        16.141056516250746
      ]
    },
    "Torch compiled fwd": {
      "mean": [
        1.0512999957427382,
        1.2422745989169925,
        1.8389832112006843,
        2.607224992243573,
        4.585308604873717,
        9.43766679847613,
        19.2711335956119,
        30.34744139877148,
        68.56305000837892,
        163.7920081964694,
        269.1911664092913
      ],
      "std": [
        0.13638373974377785,
        0.05998428625107822,
        0.08183719425628734,
        0.041557810400164784,
        0.22592396801038675,
        0.624632587528281,
        1.3241041204898218,
        1.1174977180247798,
        6.11085786015582,
        17.85248092135843,
        3.591825477544921
      ]
    },
    "Torch fwd+bwd": {
      "mean": [
        2.8811997966840863,
        4.064049798762426,
        5.30645819962956,
        9.532241593115032,
        12.12394159520045,
        22.790466592414305,
        57.71655860589817,
        85.32962540048175,
        174.4425915996544,
        377.3636832018383,
        846.8541999987792
      ],
      "std": [
        0.2884661679172264,
        0.2935006981921299,
        0.1271685545937806,
        3.941561011293114,
        0.7801295532905107,
        0.5201092138622676,
        7.853599984251155,
        7.503799964593075,
        3.427495032079008,
        13.78698735148421,
        87.67278639125489
      ]
    },
    "Torch compiled fwd+bwd": {
      "mean": [
        2.640766598051414,
        3.905691602267325,
        5.351833201711997,
        8.046733203809708,
        11.32327500381507,
        27.68798340111971,
        56.0220918036066,
        83.14050000044517,
        190.31104179448448,
        403.02776661119424,
        740.8178666082677
      ],
      "std": [
        0.11009853707997153,
        0.10049994203760976,
        0.1366482391911376,
        0.43786789043540747,
        0.24520061426499543,
        1.3721527939039615,
        12.795604505490694,
        3.511524807759518,
        25.39064849297729,
        49.88608885593585,
        37.38941313768762
      ]
    },
    "JAX fwd (eager)": {
      "mean": [
        11.867267003981397,
        8.994116599205881,
        8.98871659883298,
        10.828858200693503,
        18.748174811480567,
        24.579558393452317,
        45.64690000843257,
        63.31961659016088,
        151.90194160677493,
        284.69542479724623,
        1213.915583404014
      ],
      "std": [
        3.835150074603927,
        0.348195650902956,
        0.3325068543377061,
        0.4321650357756006,
        11.424274875619467,
        2.2903919829730137,
        10.928064854677489,
        1.7750063189546084,
        7.987158177039843,
        9.579159286411777,
        220.2560602569677
      ]
    },
    "JAX JIT fwd": {
      "mean": [
        0.8444995968602598,
        1.2556583969853818,
        1.6295581997837871,
        2.193349995650351,
        4.021025000838563,
        7.285258598858491,
        13.32994180265814,
        27.161216805689037,
        72.91677520261146,
        127.74871659930795,
        273.16793320933357
      ],
      "std": [
        0.02434503362777617,
        0.028512578582896672,
        0.10813666550024753,
        0.03654428873759053,
        0.2120637439392068,
        0.13688182710771038,
        0.2779188065388546,
        0.9381273371969219,
        6.279747318048813,
        4.681117982835244,
        9.35414543968628
      ]
    },
    "JAX fwd+grad": {
      "mean": [
        62.013216607738286,
        61.477758397813886,
        65.59255041065626,
        65.44666680274531,
        73.31001700367779,
        82.02164979302324,
        177.80786639777943,
        169.99653319944628,
        334.47301639826037,
        673.294716788223,
        1976.7117666022386
      ],
      "std": [
        2.222836273129499,
        0.8551909223510137,
        3.0912691407141706,
        1.1835053125459076,
        1.5761074641880115,
        2.1275695873207074,
        96.26717371442504,
        2.3401901078852463,
        19.257626936816663,
        18.153927177181483,
        303.68865666650083
      ]
    },
    "JAX JIT fwd+grad": {
      "mean": [
        1.6844163998030126,
        2.3431920039001852,
        3.3037167973816395,
        4.236658598529175,
        8.361383399460465,
        16.09690840705298,
        33.203833404695615,
        72.6801247918047,
        143.39371679234318,
        291.163232998224,
        603.7034249980934
      ],
      "std": [
        0.10763789992135375,
        0.11734081155197988,
        0.3534587768448663,
        0.0738116319934549,
        0.2532836519388991,
        0.44731012074160736,
        4.926320364286742,
        4.490316706157367,
        2.1875266115856986,
        4.747884368779951,
        17.280575505714868
      ]
    }
  }
}