{
  "configs": [
    "50pt/3atom",
    "200pt/5atom",
    "1000pt/10atom"
  ],
  "transfer": {
    "exc": [
      2.9377753253583015e-09,
      2.8360373431340866e-09,
      1.1006656956426667e-08
    ],
    "dens": [
      4.0224914510389453e-08,
      8.171434533466027e-07,
      1.9258434846847194e-06
    ]
  },
  "npz": {
    "exc": [
      2.9377753253583015e-09,
      2.8360373431340866e-09,
      1.1006656956426667e-08
    ],
    "dens": [
      4.0224914510389453e-08,
      8.171434533466027e-07,
      1.9258434846847194e-06
    ]
  }
}