{
  "features": [
    "density",
    "grad",
    "kin",
    "grid_weights",
    "grid_coords",
    "coarse_0_atomic_coords"
  ],
  "l2_err": [
    1.8503575067665459e-06,
    2.428945125676201e-06,
    1.5901143811791115e-06,
    8.155106204359493e-07,
    4.052978868840654e-06,
    3.415533562286929e-06
  ],
  "rel_l2": [
    7.809247048319682e-08,
    2.2913672650417983e-07,
    1.1002549642700062e-07,
    4.591528017617652e-08,
    6.21381241798438e-07,
    3.3351728686877775e-07
  ],
  "max_err": [
    7.744756298500022e-07,
    8.925014410854359e-07,
    5.831870075745371e-07,
    2.8487723591208436e-07,
    2.683365949662786e-06,
    3.017063309851409e-06
  ],
  "fd": {
    "analytical": -1.0790962455476245,
    "fd": -1.0790962448936625,
    "abs_err": 6.539619956669185e-10,
    "rel_err": 6.060274960321477e-10
  }
}