{
  "grid_sizes": [
    32,
    256
  ],
  "operations": {
    "Torch fwd": {
      "mean": [
        1.0728130000643432,
        3.47512548614759
      ],
      "std": [
        0.06785400910302997,
        0.038458514609374106
      ]
    },
    "Torch compiled fwd": {
      "mean": [
        1.0334585094824433,
        3.278666496044025
      ],
      "std": [
        0.04958349745720625,
        0.10829148232005537
      ]
    },
    "Torch fwd+bwd": {
      "mean": [
        3.0079165007919073,
        8.741895493585616
      ],
      "std": [
        0.0897914869710803,
        0.1981455134227872
      ]
    },
    "Torch compiled fwd+bwd": {
      "mean": [
        3.1323329894803464,
        9.08356299623847
      ],
      "std": [
        0.08937501115724444,
        0.7949790160637349
      ]
    },
    "JAX fwd (eager)": {
      "mean": [
        10.049229516880587,
        11.987271005637012
      ],
      "std": [
        0.0757295056246221,
        0.09835399396251887
      ]
    },
    "JAX JIT fwd": {
      "mean": [
        0.8507289894623682,
        2.7791040047304705
      ],
      "std": [
        0.04739600990433246,
        0.0253959879046306
      ]
    },
    "JAX fwd+grad": {
      "mean": [
        65.8539584983373,
        136.5426665142877
      ],
      "std": [
        1.102541500586085,
        1.6286244936054572
      ]
    },
    "JAX JIT fwd+grad": {
      "mean": [
        1.8768545123748481,
        11.504041991429403
      ],
      "std": [
        0.13506249524652958,
        0.9883329912554473
      ]
    }
  }
}