{
  "distances": [
    0.5,
    0.6785714285714286,
    0.8571428571428572,
    1.0357142857142856,
    1.2142857142857144,
    1.3928571428571428,
    1.5714285714285714,
    1.75,
    1.9285714285714286,
    2.107142857142857,
    2.2857142857142856,
    2.4642857142857144,
    2.642857142857143,
    2.8214285714285716,
    3.0
  ],
  "e_torch": [
    -1.0824498804533618,
    -1.1574520073934242,
    -1.1466331266458565,
    -1.1085762054541504,
    -1.0624382337513532,
    -1.0161616480281042,
    -0.9742966346859487,
    -0.9384483016423277,
    -0.9083156729358095,
    -0.8835879582078591,
    -0.8637578451743692,
    -0.8480790108993999,
    -0.8358736378573457,
    -0.8265166005147593,
    -0.81936474672821
  ],
  "e_jax": [
    -1.0823115277300548,
    -1.157313315087796,
    -1.1464179679160345,
    -1.1082496736580205,
    -1.0621085494490283,
    -1.0158326412332142,
    -0.9739696777191353,
    -0.9381251734952669,
    -0.9079990321430103,
    -0.8832815809064436,
    -0.8634666668531952,
    -0.8478087943374133,
    -0.8356301463290174,
    -0.8263043516503525,
    -0.8191858452550759
  ],
  "diffs": [
    0.00013835272330697812,
    0.00013869230562835178,
    0.00021515872982202922,
    0.0003265317961298475,
    0.0003296843023248286,
    0.0003290067948900077,
    0.0003269569668133965,
    0.00032312814706081383,
    0.00031664079279924984,
    0.0003063773014154725,
    0.00029117832117397935,
    0.0002702165619865582,
    0.0002434915283282546,
    0.00021224886440673885,
    0.00017890147313415206
  ]
}