{
  "molecules": [
    "H2"
  ],
  "torch_e": [
    -1.1592097287190408
  ],
  "jax_e": [
    -1.1590691961756363
  ],
  "diff_ha": [
    0.0001405325434045146
  ]
}