{
  "forward": {
    "labels": [
      "50pts",
      "200pts",
      "1000pts"
    ],
    "rel_errors": [
      2.9377753253583015e-09,
      2.8360373431340866e-09,
      1.1006656956426667e-08
    ]
  },
  "gradient": {
    "features": [
      "density",
      "grad",
      "kin",
      "grid_weights"
    ],
    "rel_errors": [
      7.809247048319682e-08,
      2.2913672650417983e-07,
      1.1002549642700062e-07,
      4.591528017617652e-08
    ]
  },
  "performance": {
    "grid_sizes": [
      32,
      256,
      1024
    ],
    "results": {
      "PyTorch forward": [
        1.5068193509553869,
        3.4431666523839035,
        13.556111021898687
      ],
      "JAX eager": [
        12.63826402525107,
        13.9787916559726,
        32.96737497051557
      ],
      "JAX JIT-compiled": [
        0.886041671037674,
        3.267680644057691,
        9.892472337620953
      ]
    }
  },
  "scf": {
    "molecules": [
      "H2",
      "H2O"
    ],
    "diffs": [
      0.00014053226941967978,
      0.0005738815741551662
    ]
  },
  "dissociation": {
    "distances": [
      0.5,
      0.7777777777777778,
      1.0555555555555556,
      1.3333333333333335,
      1.6111111111111112,
      1.8888888888888888,
      2.166666666666667,
      2.4444444444444446,
      2.7222222222222223,
      3.0
    ],
    "e_torch": [
      -1.0824498810528937,
      -1.1569844483754026,
      -1.103649190391289,
      -1.0311680810910553,
      -0.965781276461217,
      -0.9145605501349251,
      -0.8764867595208395,
      -0.8496405801809909,
      -0.8314096771486764,
      -0.8193647391298745
    ],
    "e_jax": [
      -1.0823115277300548,
      -1.1568390928359467,
      -1.1033216815896094,
      -1.0308386931629336,
      -0.9654549918342423,
      -0.9142421829432117,
      -0.8761848486598245,
      -0.8493677400472065,
      -0.8311796353459139,
      -0.8191858452550759
    ]
  }
}